{"content":[{"id":"13769eef","settings":{"content_width":{"unit":"px","size":1200,"sizes":[]},"background_background":"classic","padding":{"unit":"px","top":"40","right":"0","bottom":"0","left":"0","isLinked":false},"z_index":10,"padding_mobile":{"unit":"px","top":"15","right":"0","bottom":"0","left":"0","isLinked":false}},"elements":[{"id":"1a1d19d","settings":{"_column_size":100,"_inline_size":null,"padding":{"unit":"px","top":"0","right":"0","bottom":"0","left":"0","isLinked":false},"padding_mobile":{"unit":"px","top":"0","right":"5","bottom":"5","left":"5","isLinked":false}},"elements":[{"id":"5cfe772b","settings":{"structure":"33","z_index":9},"elements":[{"id":"481b7543","settings":{"_column_size":25,"_inline_size":18.393,"content_position":"center","_inline_size_mobile":50},"elements":[{"id":"3ddc1b9e","settings":{"image":{"url":"https:\/\/demo.rossdigitall.club\/wp-content\/uploads\/2022\/03\/logo-score-booster.png","id":701,"alt":"","source":"library"},"align":"left","space":{"unit":"px","size":170,"sizes":[]},"space_tablet":{"unit":"px","size":"","sizes":[]},"space_mobile":{"unit":"px","size":140,"sizes":[]}},"elements":[],"isInner":false,"widgetType":"image","elType":"widget"}],"isInner":true,"elType":"column"},{"id":"40d0e034","settings":{"_column_size":50,"_inline_size":57.311,"content_position":"center","align":"center","_inline_size_mobile":50,"align_mobile":"flex-end"},"elements":[],"isInner":true,"elType":"column"},{"id":"db11864","settings":{"_column_size":25,"_inline_size":24.275,"content_position":"center","hide_mobile":"hidden-mobile"},"elements":[{"id":"2707f071","settings":{"text":"Comprar Agora","align":"right","size":"lg","typography_typography":"custom","button_text_color":"#00D400","__globals__":{"typography_typography":""},"typography_font_family":"Montserrat","typography_font_size":{"unit":"px","size":16,"sizes":[]},"typography_font_size_tablet":{"unit":"em","size":"","sizes":[]},"typography_font_size_mobile":{"unit":"em","size":"","sizes":[]},"typography_font_weight":"300","typography_font_style":"normal","background_color":"#FFFFFF00","border_border":"solid","border_width":{"unit":"px","top":"2","right":"2","bottom":"2","left":"2","isLinked":true},"border_radius":{"unit":"px","top":"10","right":"10","bottom":"10","left":"10","isLinked":true},"hover_color":"#010210","button_background_hover_color":"#00D400"},"elements":[],"isInner":false,"widgetType":"button","elType":"widget"}],"isInner":true,"elType":"column"}],"isInner":true,"elType":"section"}],"isInner":false,"elType":"column"}],"isInner":false,"elType":"section"},{"id":"72820954","settings":{"content_width":{"unit":"px","size":1200,"sizes":[]},"margin":{"unit":"px","top":"60","right":0,"bottom":"80","left":0,"isLinked":false}},"elements":[{"id":"44f8c38b","settings":{"_column_size":100,"_inline_size":null},"elements":[{"id":"5fe2f9ea","settings":{"structure":"20","z_index":99},"elements":[{"id":"64388ea9","settings":{"_column_size":50,"_inline_size":43.621,"content_position":"center"},"elements":[{"id":"4e381d58","settings":{"editor":"<p>seu score est\u00e1 baixo?<\/p>","align":"left","text_color":"#00D400","typography_typography":"custom","typography_font_family":"Montserrat","typography_font_size":{"unit":"rem","size":0.8,"sizes":[]},"typography_font_size_tablet":{"unit":"em","size":"","sizes":[]},"typography_font_size_mobile":{"unit":"em","size":"","sizes":[]},"typography_font_weight":"bold","typography_text_transform":"uppercase","typography_letter_spacing":{"unit":"px","size":6,"sizes":[]},"_margin":{"unit":"px","top":"0","right":"0","bottom":"0","left":"0","isLinked":true},"_padding":{"unit":"px","top":"0","right":"0","bottom":"0","left":"0","isLinked":true},"align_mobile":"center"},"elements":[],"isInner":false,"widgetType":"text-editor","elType":"widget"},{"id":"49bd6430","settings":{"editor":"<p><b>Descubra como aumentar seu Score para 900 em 10 dias, sem sair de casa!<\/b><\/p>","align":"left","text_color":"#FFFFFF","typography_typography":"custom","typography_font_family":"Montserrat","typography_font_size":{"unit":"em","size":3,"sizes":[]},"typography_font_size_tablet":{"unit":"em","size":"","sizes":[]},"typography_font_size_mobile":{"unit":"em","size":2.3,"sizes":[]},"typography_font_weight":"900","typography_font_style":"italic","typography_line_height":{"unit":"em","size":1.2,"sizes":[]},"_margin":{"unit":"px","top":"-20","right":"0","bottom":"0","left":"0","isLinked":false},"_padding":{"unit":"px","top":"0","right":"0","bottom":"0","left":"0","isLinked":true},"align_mobile":"center"},"elements":[],"isInner":false,"widgetType":"text-editor","elType":"widget"},{"id":"381da7dc","settings":{"editor":"<p>Uma plataforma completa para transformar seu WhatsApp em uma <strong>m\u00e1quina de vendas<\/strong> no piloto autom\u00e1tico.<\/p>","align":"left","text_color":"#D2DCDF","typography_typography":"custom","typography_font_family":"Montserrat","typography_font_size":{"unit":"px","size":20,"sizes":[]},"typography_font_size_tablet":{"unit":"em","size":"","sizes":[]},"typography_font_size_mobile":{"unit":"em","size":"","sizes":[]},"typography_font_weight":"normal","typography_font_style":"normal","typography_line_height":{"unit":"em","size":1.2,"sizes":[]},"_margin":{"unit":"px","top":"-11","right":"0","bottom":"0","left":"0","isLinked":false},"_padding":{"unit":"px","top":"0","right":"0","bottom":"0","left":"0","isLinked":true},"align_mobile":"center"},"elements":[],"isInner":false,"widgetType":"text-editor","elType":"widget"},{"id":"2ab67818","settings":{"text":"Comprar Agora","align":"left","size":"lg","typography_typography":"custom","button_text_color":"#010210","__globals__":{"typography_typography":""},"typography_font_family":"Montserrat","typography_font_size":{"unit":"px","size":16,"sizes":[]},"typography_font_size_tablet":{"unit":"em","size":"","sizes":[]},"typography_font_size_mobile":{"unit":"em","size":"","sizes":[]},"typography_font_weight":"500","typography_font_style":"normal","background_color":"#00D400","border_border":"solid","border_width":{"unit":"px","top":"2","right":"2","bottom":"2","left":"2","isLinked":true},"border_radius":{"unit":"px","top":"10","right":"10","bottom":"10","left":"10","isLinked":true},"text_padding":{"unit":"px","top":"21","right":"35","bottom":"18","left":"35","isLinked":false},"hover_color":"#010210","button_background_hover_color":"#6FFF6F","align_mobile":"center"},"elements":[],"isInner":false,"widgetType":"button","elType":"widget"}],"isInner":true,"elType":"column"},{"id":"215a2429","settings":{"_column_size":50,"_inline_size":56.379,"margin":{"unit":"px","top":"-50","right":"-50","bottom":"-70","left":"-20","isLinked":false},"margin_mobile":{"unit":"px","top":"0","right":"0","bottom":"0","left":"0","isLinked":true}},"elements":[{"id":"6ca1e382","settings":{"image":{"url":"https:\/\/demo.rossdigitall.club\/wp-content\/uploads\/2022\/03\/score-booster.png","id":695,"alt":"","source":"library"},"_margin_mobile":{"unit":"px","top":"0","right":"-30","bottom":"-30","left":"-30","isLinked":false}},"elements":[],"isInner":false,"widgetType":"image","elType":"widget"}],"isInner":true,"elType":"column"}],"isInner":true,"elType":"section"}],"isInner":false,"elType":"column"}],"isInner":false,"elType":"section"},{"id":"c9e6b16","settings":{"margin":{"unit":"px","top":"100","right":0,"bottom":"100","left":0,"isLinked":true},"z_index":9,"content_width":{"unit":"px","size":1200,"sizes":[]}},"elements":[{"id":"7e12bfcb","settings":{"_column_size":100,"_inline_size":null},"elements":[{"id":"69f6b557","settings":{"structure":"20"},"elements":[{"id":"19bd2801","settings":{"_column_size":50,"_inline_size":54.425,"content_position":"center"},"elements":[{"id":"760bcf52","settings":{"editor":"<p>sem pegadinha<\/p>","align":"left","text_color":"#00D400","typography_typography":"custom","typography_font_family":"Montserrat","typography_font_size":{"unit":"em","size":"","sizes":[]},"typography_font_size_tablet":{"unit":"em","size":"","sizes":[]},"typography_font_size_mobile":{"unit":"em","size":"","sizes":[]},"typography_font_weight":"bold","typography_text_transform":"uppercase","typography_letter_spacing":{"unit":"px","size":6,"sizes":[]},"_margin":{"unit":"px","top":"0","right":"0","bottom":"0","left":"0","isLinked":true},"_padding":{"unit":"px","top":"0","right":"0","bottom":"0","left":"0","isLinked":true},"_z_index":9},"elements":[],"isInner":false,"widgetType":"text-editor","elType":"widget"},{"id":"5e6d7105","settings":{"editor":"<h2 class=\"elementor-heading-title elementor-size-default\">Aumente seu Score de<br \/>uma forma <strong>r\u00e1pida e segura<\/strong>.<\/h2>","align":"left","text_color":"#FFFFFF","typography_typography":"custom","typography_font_family":"Montserrat","typography_font_size":{"unit":"px","size":32,"sizes":[]},"typography_font_size_tablet":{"unit":"em","size":"","sizes":[]},"typography_font_size_mobile":{"unit":"em","size":"","sizes":[]},"typography_font_weight":"300","typography_font_style":"italic","typography_line_height":{"unit":"em","size":1.2,"sizes":[]},"_margin":{"unit":"px","top":"-20","right":"0","bottom":"0","left":"0","isLinked":false},"_padding":{"unit":"px","top":"0","right":"0","bottom":"0","left":"0","isLinked":true},"_z_index":9},"elements":[],"isInner":false,"widgetType":"text-editor","elType":"widget"},{"id":"4ed4b2b6","settings":{"image":{"url":"https:\/\/demo.rossdigitall.club\/wp-content\/uploads\/2022\/03\/passo1.png","id":707},"_margin":{"unit":"px","top":"40","right":"40","bottom":"40","left":"40","isLinked":true}},"elements":[],"isInner":false,"widgetType":"image","elType":"widget"}],"isInner":true,"elType":"column"},{"id":"7150517","settings":{"_column_size":50,"_inline_size":45.53,"content_position":"center"},"elements":[{"id":"84eaa2e","settings":{"image":{"url":"https:\/\/demo.rossdigitall.club\/wp-content\/uploads\/2022\/03\/desfoque.png","id":607},"image_size":"full","_z_index":1,"_element_width":"initial","_element_custom_width":{"unit":"px","size":600,"sizes":[]},"_element_custom_width_tablet":{"unit":"%","size":"","sizes":[]},"_element_custom_width_mobile":{"unit":"%","size":"","sizes":[]},"_position":"absolute","_offset_x":{"size":46,"unit":"px"},"_offset_y":{"size":-1104,"unit":"px"}},"elements":[],"isInner":false,"widgetType":"image","elType":"widget"},{"id":"6ced7e5c","settings":{"editor":"&nbsp;","align":"left","text_color":"#FFFFFF","typography_typography":"custom","typography_font_family":"Montserrat","typography_font_size":{"unit":"em","size":"","sizes":[]},"typography_font_size_tablet":{"unit":"em","size":"","sizes":[]},"typography_font_size_mobile":{"unit":"em","size":"","sizes":[]},"typography_font_weight":"200","typography_font_style":"normal","typography_line_height":{"unit":"em","size":1.2,"sizes":[]},"_margin":{"unit":"px","top":"-10","right":"0","bottom":"0","left":"0","isLinked":false},"_padding":{"unit":"px","top":"0","right":"0","bottom":"0","left":"0","isLinked":true}},"elements":[],"isInner":false,"widgetType":"text-editor","elType":"widget"},{"id":"43535cb4","settings":{"editor":"<p>Tudo que voc\u00ea precisa para automatizar o trabalho chato e repetitivo, para potencializar os seus resultados, em uma s\u00f3 ferramenta.<\/p>","align":"left","text_color":"#FFFFFF99","typography_typography":"custom","typography_font_family":"Jumper PERSONAL USE ONLY","typography_font_size":{"unit":"em","size":"","sizes":[]},"typography_font_size_tablet":{"unit":"em","size":"","sizes":[]},"typography_font_size_mobile":{"unit":"em","size":"","sizes":[]},"typography_font_weight":"200","typography_font_style":"normal","typography_line_height":{"unit":"em","size":"","sizes":[]},"_margin":{"unit":"px","top":"0","right":"0","bottom":"30","left":"0","isLinked":false},"_padding":{"unit":"px","top":"0","right":"0","bottom":"0","left":"0","isLinked":true},"align_mobile":"left","_margin_mobile":{"unit":"px","top":"-30","right":"0","bottom":"0","left":"0","isLinked":false}},"elements":[],"isInner":false,"widgetType":"text-editor","elType":"widget"},{"id":"1a9750f","settings":{"title_text":"","description_text":"Conquiste cr\u00e9dito no mercado.","position":"left","image":{"url":"https:\/\/demo.rossdigitall.club\/wp-content\/uploads\/2022\/03\/icon-mensagem-em-massa.png","id":619,"alt":"","source":"library"},"image_space":{"unit":"px","size":"","sizes":[]},"image_size":{"unit":"%","size":22,"sizes":[]},"image_border_radius":{"unit":"px","size":0,"sizes":[]},"content_vertical_alignment":"middle","title_color":"#EBFCEBC4","description_color":"#EBFCEBD6","description_typography_typography":"custom","description_typography_font_family":"Jumper PERSONAL USE ONLY","description_typography_font_size":{"unit":"em","size":"","sizes":[]},"description_typography_font_size_tablet":{"unit":"em","size":"","sizes":[]},"description_typography_font_size_mobile":{"unit":"em","size":"","sizes":[]},"description_typography_font_weight":"300","_margin":{"unit":"px","top":"0","right":"0","bottom":"30","left":"0","isLinked":false}},"elements":[],"isInner":false,"widgetType":"image-box","elType":"widget"},{"id":"7855c54f","settings":{"title_text":"","description_text":"Financiamento facilitado;","position":"left","image":{"url":"https:\/\/demo.rossdigitall.club\/wp-content\/uploads\/2022\/03\/icon-mensagem-em-massa.png","id":619,"alt":"","source":"library"},"image_space":{"unit":"px","size":"","sizes":[]},"image_size":{"unit":"%","size":22,"sizes":[]},"image_border_radius":{"unit":"px","size":0,"sizes":[]},"content_vertical_alignment":"middle","title_color":"#EBFCEBC4","description_color":"#EBFCEBD6","description_typography_typography":"custom","description_typography_font_family":"Jumper PERSONAL USE ONLY","description_typography_font_size":{"unit":"em","size":"","sizes":[]},"description_typography_font_size_tablet":{"unit":"em","size":"","sizes":[]},"description_typography_font_size_mobile":{"unit":"em","size":"","sizes":[]},"description_typography_font_weight":"300","_margin":{"unit":"px","top":"0","right":"0","bottom":"30","left":"0","isLinked":false}},"elements":[],"isInner":false,"widgetType":"image-box","elType":"widget"},{"id":"1b8da218","settings":{"title_text":"","description_text":"Atendimento online;","position":"left","image":{"url":"https:\/\/demo.rossdigitall.club\/wp-content\/uploads\/2022\/03\/icon-mensagem-em-massa.png","id":619,"alt":"","source":"library"},"image_space":{"unit":"px","size":"","sizes":[]},"image_size":{"unit":"%","size":22,"sizes":[]},"image_border_radius":{"unit":"px","size":0,"sizes":[]},"content_vertical_alignment":"middle","title_color":"#EBFCEBC4","description_color":"#EBFCEBD6","description_typography_typography":"custom","description_typography_font_family":"Jumper PERSONAL USE ONLY","description_typography_font_size":{"unit":"em","size":"","sizes":[]},"description_typography_font_size_tablet":{"unit":"em","size":"","sizes":[]},"description_typography_font_size_mobile":{"unit":"em","size":"","sizes":[]},"description_typography_font_weight":"300","_margin":{"unit":"px","top":"0","right":"0","bottom":"30","left":"0","isLinked":false}},"elements":[],"isInner":false,"widgetType":"image-box","elType":"widget"},{"id":"d564718","settings":{"title_text":"","description_text":"Saia do aluguel e financie a casa dos sonhos;","position":"left","image":{"url":"https:\/\/demo.rossdigitall.club\/wp-content\/uploads\/2022\/03\/icon-mensagem-em-massa.png","id":619,"alt":"","source":"library"},"image_space":{"unit":"px","size":"","sizes":[]},"image_size":{"unit":"%","size":22,"sizes":[]},"image_border_radius":{"unit":"px","size":0,"sizes":[]},"content_vertical_alignment":"middle","title_color":"#EBFCEBC4","description_color":"#EBFCEBD6","description_typography_typography":"custom","description_typography_font_family":"Jumper PERSONAL USE ONLY","description_typography_font_size":{"unit":"em","size":"","sizes":[]},"description_typography_font_size_tablet":{"unit":"em","size":"","sizes":[]},"description_typography_font_size_mobile":{"unit":"em","size":"","sizes":[]},"title_typography_typography":"custom","title_typography_font_family":"Jumper PERSONAL USE ONLY","title_typography_font_weight":"100","description_typography_font_weight":"300","_margin":{"unit":"px","top":"0","right":"0","bottom":"30","left":"0","isLinked":false}},"elements":[],"isInner":false,"widgetType":"image-box","elType":"widget"},{"id":"7bb24219","settings":{"text":"Comprar Agora","align":"left","size":"lg","typography_typography":"custom","button_text_color":"#010210","__globals__":{"typography_typography":""},"typography_font_family":"Montserrat","typography_font_size":{"unit":"px","size":16,"sizes":[]},"typography_font_size_tablet":{"unit":"em","size":"","sizes":[]},"typography_font_size_mobile":{"unit":"em","size":"","sizes":[]},"typography_font_weight":"500","typography_font_style":"normal","background_color":"#00D400","border_border":"solid","border_width":{"unit":"px","top":"2","right":"2","bottom":"2","left":"2","isLinked":true},"border_radius":{"unit":"px","top":"10","right":"10","bottom":"10","left":"10","isLinked":true},"text_padding":{"unit":"px","top":"21","right":"35","bottom":"18","left":"35","isLinked":false},"hover_color":"#010210","button_background_hover_color":"#6FFF6F","align_mobile":"center"},"elements":[],"isInner":false,"widgetType":"button","elType":"widget"}],"isInner":true,"elType":"column"}],"isInner":true,"elType":"section"}],"isInner":false,"elType":"column"}],"isInner":false,"elType":"section"},{"id":"571e5ff6","settings":{"margin":{"unit":"px","top":"120","right":0,"bottom":"0","left":0,"isLinked":false},"z_index":9,"content_width":{"unit":"px","size":1200,"sizes":[]}},"elements":[{"id":"6327459e","settings":{"_column_size":100,"_inline_size":null},"elements":[{"id":"1f708a17","settings":{"structure":"20"},"elements":[{"id":"73507332","settings":{"_column_size":50,"_inline_size":50.894,"content_position":"top"},"elements":[{"id":"111625d7","settings":{"editor":"<h1 class=\"elementor-heading-title elementor-size-default\"><strong>Consiga o cr\u00e9dito que voc\u00ea precisa no mercado e realize o desejo que voc\u00ea tanto sonha<\/strong><\/h1>","align":"left","text_color":"#FFFFFF","typography_typography":"custom","typography_font_family":"Montserrat","typography_font_size":{"unit":"px","size":29,"sizes":[]},"typography_font_size_tablet":{"unit":"em","size":"","sizes":[]},"typography_font_size_mobile":{"unit":"em","size":"","sizes":[]},"typography_font_weight":"normal","typography_font_style":"normal","typography_line_height":{"unit":"em","size":1.2,"sizes":[]},"_margin":{"unit":"px","top":"-20","right":"0","bottom":"0","left":"0","isLinked":false},"_padding":{"unit":"px","top":"0","right":"0","bottom":"0","left":"0","isLinked":true},"_z_index":9},"elements":[],"isInner":false,"widgetType":"text-editor","elType":"widget"},{"id":"752130fa","settings":{"editor":"<p>Remova os d\u00e9bitos e protestos cadastrados em seu CPF\u00a0atrav\u00e9s de uma renegocia\u00e7\u00e3o junto ao Banco Central\u00a0com possibilidade de 70% a\u00a090% de desconto e\u00a0parcelamento de at\u00e9 36x para pagar.<\/p>","align":"left","text_color":"#FFFFFF99","typography_typography":"custom","typography_font_family":"Montserrat","typography_font_size":{"unit":"px","size":18,"sizes":[]},"typography_font_size_tablet":{"unit":"em","size":"","sizes":[]},"typography_font_size_mobile":{"unit":"em","size":"","sizes":[]},"typography_font_weight":"normal","typography_font_style":"normal","typography_line_height":{"unit":"px","size":32,"sizes":[]},"_margin":{"unit":"px","top":"0","right":"0","bottom":"20","left":"0","isLinked":false},"_padding":{"unit":"px","top":"0","right":"0","bottom":"0","left":"0","isLinked":true},"typography_line_height_tablet":{"unit":"px","size":"","sizes":[]},"typography_line_height_mobile":{"unit":"px","size":"","sizes":[]}},"elements":[],"isInner":false,"widgetType":"text-editor","elType":"widget"},{"id":"24f45a3a","settings":{"text":"Comprar agora","align":"left","size":"lg","typography_typography":"custom","button_text_color":"#010210","__globals__":{"typography_typography":""},"typography_font_family":"Jumper PERSONAL USE ONLY","typography_font_size":{"unit":"px","size":16,"sizes":[]},"typography_font_size_tablet":{"unit":"em","size":"","sizes":[]},"typography_font_size_mobile":{"unit":"em","size":"","sizes":[]},"typography_font_weight":"300","typography_font_style":"italic","background_color":"#00D400","border_border":"solid","border_width":{"unit":"px","top":"2","right":"2","bottom":"2","left":"2","isLinked":true},"border_radius":{"unit":"px","top":"10","right":"10","bottom":"10","left":"10","isLinked":true},"text_padding":{"unit":"px","top":"18","right":"35","bottom":"16","left":"35","isLinked":false},"_margin":{"unit":"px","top":"0","right":"0","bottom":"0","left":"0","isLinked":false},"align_mobile":"justify","_margin_mobile":{"unit":"px","top":"0","right":"0","bottom":"0","left":"0","isLinked":true},"_z_index_mobile":10},"elements":[],"isInner":false,"widgetType":"button","elType":"widget"}],"isInner":true,"elType":"column"},{"id":"6260cde0","settings":{"_column_size":50,"_inline_size":49.014,"content_position":"center","padding_mobile":{"unit":"px","top":"0","right":"60","bottom":"60","left":"60","isLinked":false}},"elements":[{"id":"540b5613","settings":{"image":{"url":"https:\/\/demo.rossdigitall.club\/wp-content\/uploads\/2022\/03\/desfoque.png","id":607},"image_size":"full","_z_index":1,"_element_width":"initial","_element_custom_width":{"unit":"px","size":600,"sizes":[]},"_element_custom_width_tablet":{"unit":"%","size":"","sizes":[]},"_element_custom_width_mobile":{"unit":"%","size":"","sizes":[]},"_position":"absolute","_offset_x":{"size":-482,"unit":"px"},"_offset_y":{"size":-1513,"unit":"px"}},"elements":[],"isInner":false,"widgetType":"image","elType":"widget"},{"id":"3ebf7c82","settings":{"image":{"url":"https:\/\/demo.rossdigitall.club\/wp-content\/uploads\/2022\/04\/Score_para_conseguir_credito.png","id":926}},"elements":[],"isInner":false,"widgetType":"image","elType":"widget"},{"id":"706c5403","settings":{"editor":"&nbsp;","align":"left","text_color":"#FFFFFF","typography_typography":"custom","typography_font_family":"Montserrat","typography_font_size":{"unit":"em","size":"","sizes":[]},"typography_font_size_tablet":{"unit":"em","size":"","sizes":[]},"typography_font_size_mobile":{"unit":"em","size":"","sizes":[]},"typography_font_weight":"200","typography_font_style":"normal","typography_line_height":{"unit":"em","size":1.2,"sizes":[]},"_margin":{"unit":"px","top":"-10","right":"0","bottom":"0","left":"0","isLinked":false},"_padding":{"unit":"px","top":"0","right":"0","bottom":"0","left":"0","isLinked":true}},"elements":[],"isInner":false,"widgetType":"text-editor","elType":"widget"},{"id":"732d923f","settings":{"image":{"url":"https:\/\/demo.rossdigitall.club\/wp-content\/uploads\/2022\/03\/desfoque.png","id":607},"image_size":"full","_z_index":1,"_element_width":"initial","_element_custom_width":{"unit":"px","size":600,"sizes":[]},"_element_custom_width_tablet":{"unit":"%","size":"","sizes":[]},"_element_custom_width_mobile":{"unit":"%","size":"","sizes":[]},"_position":"absolute","_offset_x":{"size":-49,"unit":"px"},"_offset_y":{"size":-1544,"unit":"px"},"_z_index_mobile":1,"_offset_x_mobile":{"size":35,"unit":"px"},"_offset_y_mobile":{"size":-1583,"unit":"px"}},"elements":[],"isInner":false,"widgetType":"image","elType":"widget"}],"isInner":true,"elType":"column"}],"isInner":true,"elType":"section"}],"isInner":false,"elType":"column"}],"isInner":false,"elType":"section"},{"id":"994cc98","settings":{"margin":{"unit":"px","top":"90","right":0,"bottom":"90","left":0,"isLinked":true},"z_index":9,"content_width":{"unit":"px","size":1200,"sizes":[]}},"elements":[{"id":"1c8fb9c7","settings":{"_column_size":100,"_inline_size":null},"elements":[{"id":"77682b55","settings":{"structure":"20"},"elements":[{"id":"1fa5311d","settings":{"_column_size":50,"_inline_size":null,"content_position":"center"},"elements":[{"id":"4b10289f","settings":{"image":{"url":"https:\/\/demo.rossdigitall.club\/wp-content\/uploads\/2022\/03\/desfoque.png","id":607},"image_size":"full","_z_index":1,"_element_width":"initial","_element_custom_width":{"unit":"px","size":600,"sizes":[]},"_element_custom_width_tablet":{"unit":"%","size":"","sizes":[]},"_element_custom_width_mobile":{"unit":"%","size":"","sizes":[]},"_position":"absolute","_offset_x":{"size":-482,"unit":"px"},"_offset_y":{"size":-1513,"unit":"px"}},"elements":[],"isInner":false,"widgetType":"image","elType":"widget"},{"id":"317c494e","settings":{"image":{"url":"https:\/\/demo.rossdigitall.club\/wp-content\/uploads\/2022\/04\/mock-turbo.png","id":925}},"elements":[],"isInner":false,"widgetType":"image","elType":"widget"},{"id":"6cf8c1ee","settings":{"editor":"&nbsp;","align":"left","text_color":"#FFFFFF","typography_typography":"custom","typography_font_family":"Montserrat","typography_font_size":{"unit":"em","size":"","sizes":[]},"typography_font_size_tablet":{"unit":"em","size":"","sizes":[]},"typography_font_size_mobile":{"unit":"em","size":"","sizes":[]},"typography_font_weight":"200","typography_font_style":"normal","typography_line_height":{"unit":"em","size":1.2,"sizes":[]},"_margin":{"unit":"px","top":"-10","right":"0","bottom":"0","left":"0","isLinked":false},"_padding":{"unit":"px","top":"0","right":"0","bottom":"0","left":"0","isLinked":true}},"elements":[],"isInner":false,"widgetType":"text-editor","elType":"widget"}],"isInner":true,"elType":"column"},{"id":"3726bf6c","settings":{"_column_size":50,"_inline_size":null,"content_position":"top","margin":{"unit":"px","top":"80","right":"0","bottom":"0","left":"0","isLinked":false},"padding":{"unit":"px","top":"0","right":"0","bottom":"0","left":"0","isLinked":true}},"elements":[{"id":"382c41bf","settings":{"editor":"<div class=\"elementor-element elementor-element-155547f7 elementor-widget elementor-widget-heading\" data-id=\"155547f7\" data-element_type=\"widget\" data-widget_type=\"heading.default\"><div class=\"elementor-widget-container\"><h2 class=\"elementor-heading-title elementor-size-default\">Obtenha o cr\u00e9dito desejado no mercado!<\/h2><\/div><\/div>","align":"left","text_color":"#FFFFFF","typography_typography":"custom","typography_font_family":"Jumper PERSONAL USE ONLY","typography_font_size":{"unit":"px","size":29,"sizes":[]},"typography_font_size_tablet":{"unit":"em","size":"","sizes":[]},"typography_font_size_mobile":{"unit":"em","size":"","sizes":[]},"typography_font_weight":"200","typography_font_style":"italic","typography_line_height":{"unit":"em","size":1.2,"sizes":[]},"_margin":{"unit":"px","top":"-20","right":"0","bottom":"0","left":"0","isLinked":false},"_padding":{"unit":"px","top":"0","right":"0","bottom":"0","left":"0","isLinked":true},"_z_index":9},"elements":[],"isInner":false,"widgetType":"text-editor","elType":"widget"},{"id":"1b448ab2","settings":{"editor":"<p>Lorem ipsum dolor sit amet, consectetur adipiscing elit, sed do eiusmod tempor incididunt ut labore et dolore magna aliqua. Sociis natoque penatibus et magnis dis parturient montes. Elit at imperdiet dui accumsan sit amet nulla. Ut enim blandit volutpat maecenas volutpat blandit aliquam etiam.<\/p>","align":"left","text_color":"#FFFFFF99","typography_typography":"custom","typography_font_family":"Jumper PERSONAL USE ONLY","typography_font_size":{"unit":"px","size":18,"sizes":[]},"typography_font_size_tablet":{"unit":"em","size":"","sizes":[]},"typography_font_size_mobile":{"unit":"em","size":"","sizes":[]},"typography_font_weight":"200","typography_font_style":"normal","typography_line_height":{"unit":"px","size":32,"sizes":[]},"_margin":{"unit":"px","top":"0","right":"0","bottom":"30","left":"0","isLinked":false},"_padding":{"unit":"px","top":"0","right":"0","bottom":"0","left":"0","isLinked":true},"typography_line_height_tablet":{"unit":"px","size":"","sizes":[]},"typography_line_height_mobile":{"unit":"px","size":"","sizes":[]}},"elements":[],"isInner":false,"widgetType":"text-editor","elType":"widget"},{"id":"6f2aeac3","settings":{"image":{"url":"https:\/\/demo.rossdigitall.club\/wp-content\/uploads\/2022\/03\/desfoque.png","id":607,"alt":"","source":"library"},"width":{"unit":"px","size":1000,"sizes":[]},"width_tablet":{"unit":"px","size":"","sizes":[]},"width_mobile":{"unit":"px","size":"","sizes":[]},"_position":"absolute","_offset_x":{"size":-702,"unit":"px"},"_offset_y":{"size":360,"unit":"px"}},"elements":[],"isInner":false,"widgetType":"image","elType":"widget"}],"isInner":true,"elType":"column"}],"isInner":true,"elType":"section"}],"isInner":false,"elType":"column"}],"isInner":false,"elType":"section"},{"id":"6ea46b64","settings":{"margin":{"unit":"px","top":"120","right":0,"bottom":"0","left":0,"isLinked":false},"z_index":9,"content_width":{"unit":"px","size":1000,"sizes":[]}},"elements":[{"id":"3c0f28af","settings":{"_column_size":100,"_inline_size":null},"elements":[{"id":"234ead6e","settings":{"structure":"20"},"elements":[{"id":"185ee3b3","settings":{"_column_size":50,"_inline_size":51.609,"content_position":"top"},"elements":[{"id":"32af0b43","settings":{"editor":"<p>ENVIO EM MASSA<\/p>","align":"left","text_color":"#00D400","typography_typography":"custom","typography_font_family":"Jumper PERSONAL USE ONLY","typography_font_size":{"unit":"rem","size":0.8,"sizes":[]},"typography_font_size_tablet":{"unit":"em","size":"","sizes":[]},"typography_font_size_mobile":{"unit":"em","size":"","sizes":[]},"typography_font_weight":"normal","typography_text_transform":"uppercase","typography_letter_spacing":{"unit":"px","size":6,"sizes":[]},"_margin":{"unit":"px","top":"0","right":"0","bottom":"0","left":"0","isLinked":true},"_padding":{"unit":"px","top":"0","right":"0","bottom":"0","left":"0","isLinked":true},"_z_index":9},"elements":[],"isInner":false,"widgetType":"text-editor","elType":"widget"},{"id":"1a018eb8","settings":{"editor":"<div class=\"elementor-element elementor-element-20c89af3 elementor-widget elementor-widget-heading\" data-id=\"20c89af3\" data-element_type=\"widget\" data-widget_type=\"heading.default\"><div class=\"elementor-widget-container\"><h2 class=\"elementor-heading-title elementor-size-default\">Voc\u00ea tamb\u00e9m pode aumentar seu score <span style=\"font-weight: 800; color: #00d400;\">e conseguir aquele cart\u00e3o que o banco negou!<\/span><\/h2><\/div><\/div>","align":"left","text_color":"#FFFFFF","typography_typography":"custom","typography_font_family":"Jumper PERSONAL USE ONLY","typography_font_size":{"unit":"px","size":29,"sizes":[]},"typography_font_size_tablet":{"unit":"em","size":"","sizes":[]},"typography_font_size_mobile":{"unit":"em","size":"","sizes":[]},"typography_font_weight":"200","typography_font_style":"italic","typography_line_height":{"unit":"em","size":1.2,"sizes":[]},"_margin":{"unit":"px","top":"-20","right":"0","bottom":"0","left":"0","isLinked":false},"_padding":{"unit":"px","top":"0","right":"0","bottom":"0","left":"0","isLinked":true},"_z_index":9},"elements":[],"isInner":false,"widgetType":"text-editor","elType":"widget"}],"isInner":true,"elType":"column"},{"id":"6e67a087","settings":{"_column_size":50,"_inline_size":48.299,"content_position":"center"},"elements":[{"id":"4e84f453","settings":{"editor":"<p>Lorem ipsum dolor sit amet, consectetur adipiscing elit, sed do eiusmod tempor incididunt ut labore et dolore magna aliqua. Sociis natoque penatibus et magnis dis parturient montes. Elit at imperdiet dui accumsan sit amet nulla. Ut enim blandit volutpat maecenas volutpat blandit aliquam etiam.<\/p>","align":"left","text_color":"#FFFFFF99","typography_typography":"custom","typography_font_family":"Montserrat","typography_font_size":{"unit":"px","size":18,"sizes":[]},"typography_font_size_tablet":{"unit":"em","size":"","sizes":[]},"typography_font_size_mobile":{"unit":"em","size":"","sizes":[]},"typography_font_weight":"200","typography_font_style":"normal","typography_line_height":{"unit":"px","size":32,"sizes":[]},"_margin":{"unit":"px","top":"0","right":"70","bottom":"0","left":"0","isLinked":false},"_padding":{"unit":"px","top":"0","right":"0","bottom":"0","left":"0","isLinked":true},"typography_line_height_tablet":{"unit":"px","size":"","sizes":[]},"typography_line_height_mobile":{"unit":"px","size":"","sizes":[]}},"elements":[],"isInner":false,"widgetType":"text-editor","elType":"widget"}],"isInner":true,"elType":"column"}],"isInner":true,"elType":"section"}],"isInner":false,"elType":"column"}],"isInner":false,"elType":"section"},{"id":"132b9915","settings":{"margin":{"unit":"px","top":"120","right":0,"bottom":"0","left":0,"isLinked":false},"z_index":9,"content_width":{"unit":"px","size":1000,"sizes":[]},"z_index_mobile":10},"elements":[{"id":"3ebb3fcd","settings":{"_column_size":100,"_inline_size":null},"elements":[{"id":"62e25450","settings":[],"elements":[{"id":"9e12be3","settings":{"_column_size":100,"_inline_size":null,"content_position":"top"},"elements":[{"id":"16c3000","settings":{"slides":[{"content":"Lorem ipsum dolor sit amet, consectetur adipiscing elit. Ut elit tellus, luctus nec ullamcorper mattis, pulvinar dapibus leo.","name":"John Doe","title":"CEO","image":{"url":"https:\/\/demo.rossdigitall.club\/wp-content\/uploads\/2022\/03\/depoimento-modelo.png","id":648,"alt":"","source":"library"},"_id":"3140938"},{"content":"Lorem ipsum dolor sit amet, consectetur adipiscing elit. Ut elit tellus, luctus nec ullamcorper mattis, pulvinar dapibus leo.","name":"John Doe","title":"CEO","image":{"url":"https:\/\/demo.rossdigitall.club\/wp-content\/uploads\/2022\/03\/depoimento-modelo.png","id":648,"alt":"","source":"library"},"_id":"d2df14a"},{"content":"Lorem ipsum dolor sit amet, consectetur adipiscing elit. Ut elit tellus, luctus nec ullamcorper mattis, pulvinar dapibus leo.","name":"John Doe","title":"CEO","image":{"url":"https:\/\/demo.rossdigitall.club\/wp-content\/uploads\/2022\/03\/depoimento-modelo.png","id":648,"alt":"","source":"library"},"_id":"679b390"},{"content":"Lorem ipsum dolor sit amet, consectetur adipiscing elit. Ut elit tellus, luctus nec ullamcorper mattis, pulvinar dapibus leo.","name":"John Doe","title":"CEO","image":{"url":"https:\/\/demo.rossdigitall.club\/wp-content\/uploads\/2022\/03\/depoimento-modelo.png","id":648,"alt":"","source":"library"},"_id":"14cd70a"}],"skin":"bubble","alignment":"left","slides_per_view":"2","slides_to_scroll":"1","image_size_size":"thumbnail","space_between":{"unit":"px","size":"","sizes":[]},"slide_border_radius":{"unit":"%","size":"","sizes":[]},"content_color":"#FFFFFF99","content_typography_typography":"custom","content_typography_font_family":"Jumper PERSONAL USE ONLY","content_typography_font_size":{"unit":"px","size":18,"sizes":[]},"content_typography_font_weight":"200","content_typography_font_style":"normal","arrows_size":{"unit":"px","size":45,"sizes":[]},"arrows_color":"#00D400","pagination_size":{"unit":"px","size":6,"sizes":[]},"pagination_color":"#00D400","background_color":"#393B40","text_padding":{"unit":"px","top":"50","right":"50","bottom":"50","left":"50","isLinked":true},"border_radius":{"unit":"px","top":"20","right":"20","bottom":"20","left":"20","isLinked":true},"_margin":{"unit":"px","top":"0","right":"-50","bottom":"-50","left":"-50","isLinked":false},"slides_per_view_mobile":"1","_margin_mobile":{"unit":"px","top":"-20","right":"-20","bottom":"-20","left":"-20","isLinked":true},"slides_per_view_tablet":"2"},"elements":[],"isInner":false,"widgetType":"testimonial-carousel","elType":"widget"}],"isInner":true,"elType":"column"}],"isInner":true,"elType":"section"}],"isInner":false,"elType":"column"}],"isInner":false,"elType":"section"},{"id":"4fb70e13","settings":{"margin":{"unit":"px","top":"120","right":0,"bottom":"0","left":0,"isLinked":false},"z_index":9,"content_width":{"unit":"px","size":1200,"sizes":[]}},"elements":[{"id":"65a00ebe","settings":{"_column_size":100,"_inline_size":null},"elements":[{"id":"1fc3e2e","settings":{"editor":"<p>Cases de Sucesso do ScoreBooster<\/p>","align":"center","text_color":"#FFFFFF","typography_typography":"custom","typography_font_family":"Montserrat","typography_font_size":{"unit":"px","size":29,"sizes":[]},"typography_font_size_tablet":{"unit":"em","size":"","sizes":[]},"typography_font_size_mobile":{"unit":"em","size":"","sizes":[]},"typography_font_weight":"700","typography_font_style":"italic","typography_line_height":{"unit":"em","size":1.2,"sizes":[]},"_margin":{"unit":"px","top":"20","right":"0","bottom":"0","left":"0","isLinked":false},"_padding":{"unit":"px","top":"0","right":"0","bottom":"0","left":"0","isLinked":true},"_z_index":9},"elements":[],"isInner":false,"widgetType":"text-editor","elType":"widget"},{"id":"26a7b196","settings":{"structure":"20"},"elements":[{"id":"34ebd413","settings":{"_column_size":50,"_inline_size":null,"content_position":"center"},"elements":[{"id":"7a57d5cd","settings":{"editor":"&nbsp;","align":"left","text_color":"#FFFFFF","typography_typography":"custom","typography_font_family":"Montserrat","typography_font_size":{"unit":"em","size":"","sizes":[]},"typography_font_size_tablet":{"unit":"em","size":"","sizes":[]},"typography_font_size_mobile":{"unit":"em","size":"","sizes":[]},"typography_font_weight":"200","typography_font_style":"normal","typography_line_height":{"unit":"em","size":1.2,"sizes":[]},"_margin":{"unit":"px","top":"-10","right":"0","bottom":"0","left":"0","isLinked":false},"_padding":{"unit":"px","top":"0","right":"0","bottom":"0","left":"0","isLinked":true}},"elements":[],"isInner":false,"widgetType":"text-editor","elType":"widget"},{"id":"164b72bd","settings":{"image":{"url":"https:\/\/demo.rossdigitall.club\/wp-content\/uploads\/2022\/04\/Dimensoes-personalizadas-750x550-px-10-min.png","id":928}},"elements":[],"isInner":false,"widgetType":"image","elType":"widget"},{"id":"1e710050","settings":{"image":{"url":"https:\/\/demo.rossdigitall.club\/wp-content\/uploads\/2022\/03\/desfoque.png","id":607},"image_size":"full","_z_index":1,"_element_width":"initial","_element_custom_width":{"unit":"px","size":600,"sizes":[]},"_element_custom_width_tablet":{"unit":"%","size":"","sizes":[]},"_element_custom_width_mobile":{"unit":"%","size":"","sizes":[]},"_position":"absolute","_offset_x":{"size":-49,"unit":"px"},"_offset_y":{"size":-1544,"unit":"px"},"_z_index_mobile":1},"elements":[],"isInner":false,"widgetType":"image","elType":"widget"}],"isInner":true,"elType":"column"},{"id":"7c0debc6","settings":{"_column_size":50,"_inline_size":null,"content_position":"center"},"elements":[{"id":"2729528c","settings":{"editor":"<p><strong style=\"color: #00d400;\">Recupere seu cr\u00e9dito<\/strong>\u00a0sem complica\u00e7\u00e3o!<\/p>","align":"left","text_color":"#FFFFFF","typography_typography":"custom","typography_font_family":"Jumper PERSONAL USE ONLY","typography_font_size":{"unit":"px","size":29,"sizes":[]},"typography_font_size_tablet":{"unit":"em","size":"","sizes":[]},"typography_font_size_mobile":{"unit":"em","size":"","sizes":[]},"typography_font_weight":"200","typography_font_style":"italic","typography_line_height":{"unit":"em","size":1.2,"sizes":[]},"_margin":{"unit":"px","top":"20","right":"0","bottom":"0","left":"0","isLinked":false},"_padding":{"unit":"px","top":"0","right":"0","bottom":"0","left":"0","isLinked":true},"_z_index":9},"elements":[],"isInner":false,"widgetType":"text-editor","elType":"widget"},{"id":"3b3a229e","settings":{"editor":"<p>Lorem ipsum dolor sit amet, consectetur adipiscing elit, sed do eiusmod tempor incididunt ut labore et dolore magna aliqua. Sociis natoque penatibus et magnis dis parturient montes. Elit at imperdiet dui accumsan sit amet nulla. Ut enim blandit volutpat maecenas volutpat blandit aliquam etiam.<\/p>","align":"left","text_color":"#FFFFFF99","typography_typography":"custom","typography_font_family":"Montserrat","typography_font_size":{"unit":"px","size":18,"sizes":[]},"typography_font_size_tablet":{"unit":"em","size":"","sizes":[]},"typography_font_size_mobile":{"unit":"em","size":"","sizes":[]},"typography_font_weight":"200","typography_font_style":"normal","typography_line_height":{"unit":"px","size":32,"sizes":[]},"_margin":{"unit":"px","top":"0","right":"0","bottom":"20","left":"0","isLinked":false},"_padding":{"unit":"px","top":"0","right":"0","bottom":"0","left":"0","isLinked":true},"typography_line_height_tablet":{"unit":"px","size":"","sizes":[]},"typography_line_height_mobile":{"unit":"px","size":"","sizes":[]}},"elements":[],"isInner":false,"widgetType":"text-editor","elType":"widget"}],"isInner":true,"elType":"column"}],"isInner":true,"elType":"section"}],"isInner":false,"elType":"column"}],"isInner":false,"elType":"section"},{"id":"2ef76883","settings":{"margin":{"unit":"px","top":"120","right":0,"bottom":"0","left":0,"isLinked":false},"z_index":9,"content_width":{"unit":"px","size":1000,"sizes":[]}},"elements":[{"id":"41cf99c3","settings":{"_column_size":100,"_inline_size":null},"elements":[{"id":"51224299","settings":{"editor":"<p>Somos a solu\u00e7\u00e3o que faltava para<br><font color=\"#00d400\">o seu problema de score<\/font><\/p>","align":"center","text_color":"#FFFFFF","typography_typography":"custom","typography_font_family":"Montserrat","typography_font_size":{"unit":"px","size":29,"sizes":[]},"typography_font_size_tablet":{"unit":"em","size":"","sizes":[]},"typography_font_size_mobile":{"unit":"em","size":"","sizes":[]},"typography_font_weight":"700","typography_font_style":"italic","typography_line_height":{"unit":"em","size":1.2,"sizes":[]},"_margin":{"unit":"px","top":"20","right":"0","bottom":"0","left":"0","isLinked":false},"_padding":{"unit":"px","top":"0","right":"0","bottom":"0","left":"0","isLinked":true},"_z_index":9},"elements":[],"isInner":false,"widgetType":"text-editor","elType":"widget"},{"id":"1b10500b","settings":{"structure":"20"},"elements":[{"id":"230762e2","settings":{"_column_size":50,"_inline_size":null,"content_position":"top"},"elements":[{"id":"1916b497","settings":{"title_text":"Como aumentar o score do CPF?","description_text":"Lorem ipsum dolor sit amet, consectetur adipiscing elit, sed do eiusmod tempor incididunt ut labore et dolore magna aliqua. Sociis natoque penatibus et magnis dis parturient montes. Elit at imperdiet dui accumsan sit amet nulla. Ut enim blandit volutpat maecenas volutpat blandit aliquam etiam.","position":"left","image":{"url":"","id":"","alt":"","source":"library"},"image_space":{"unit":"px","size":"","sizes":[]},"image_size":{"unit":"%","size":18,"sizes":[]},"image_border_radius":{"unit":"px","size":0,"sizes":[]},"title_color":"#EBFCEB","description_color":"#EBFCEBD6","description_typography_typography":"custom","description_typography_font_family":"Montserrat","description_typography_font_size":{"unit":"px","size":13,"sizes":[]},"description_typography_font_size_tablet":{"unit":"em","size":"","sizes":[]},"description_typography_font_size_mobile":{"unit":"em","size":"","sizes":[]},"description_typography_font_weight":"200","_margin":{"unit":"px","top":"0","right":"0","bottom":"30","left":"0","isLinked":false},"text_align":"left","title_typography_typography":"custom","title_typography_font_family":"Montserrat","title_typography_font_size":{"unit":"px","size":18,"sizes":[]},"title_typography_font_size_tablet":{"unit":"em","size":"","sizes":[]},"title_typography_font_size_mobile":{"unit":"em","size":"","sizes":[]},"title_typography_font_weight":"900","title_typography_font_style":"italic"},"elements":[],"isInner":false,"widgetType":"image-box","elType":"widget"}],"isInner":true,"elType":"column"},{"id":"169e267f","settings":{"_column_size":50,"_inline_size":null,"content_position":"top"},"elements":[{"id":"74056804","settings":{"title_text":"Quanto tempo demora para aumentar o score?","description_text":"Lorem ipsum dolor sit amet, consectetur adipiscing elit, sed do eiusmod tempor incididunt ut labore et dolore magna aliqua. Sociis natoque penatibus et magnis dis parturient montes. Elit at imperdiet dui accumsan sit amet nulla. Ut enim blandit volutpat maecenas volutpat blandit aliquam etiam.","position":"left","image":{"url":"","id":"","alt":"","source":"library"},"image_space":{"unit":"px","size":"","sizes":[]},"image_size":{"unit":"%","size":18,"sizes":[]},"image_border_radius":{"unit":"px","size":0,"sizes":[]},"title_color":"#EBFCEB","description_color":"#EBFCEBD6","description_typography_typography":"custom","description_typography_font_family":"Montserrat","description_typography_font_size":{"unit":"px","size":13,"sizes":[]},"description_typography_font_size_tablet":{"unit":"em","size":"","sizes":[]},"description_typography_font_size_mobile":{"unit":"em","size":"","sizes":[]},"description_typography_font_weight":"200","_margin":{"unit":"px","top":"0","right":"0","bottom":"30","left":"0","isLinked":false},"text_align":"left","title_typography_typography":"custom","title_typography_font_family":"Montserrat","title_typography_font_size":{"unit":"px","size":18,"sizes":[]},"title_typography_font_size_tablet":{"unit":"em","size":"","sizes":[]},"title_typography_font_size_mobile":{"unit":"em","size":"","sizes":[]},"title_typography_font_weight":"900","title_typography_font_style":"italic"},"elements":[],"isInner":false,"widgetType":"image-box","elType":"widget"}],"isInner":true,"elType":"column"}],"isInner":true,"elType":"section"}],"isInner":false,"elType":"column"}],"isInner":false,"elType":"section"},{"id":"67af7793","settings":{"margin":{"unit":"px","top":"120","right":0,"bottom":"0","left":0,"isLinked":false},"z_index":9,"content_width":{"unit":"px","size":900,"sizes":[]}},"elements":[{"id":"20207de3","settings":{"_column_size":100,"_inline_size":null},"elements":[{"id":"735f3ca","settings":{"editor":"<p>Compre\u00a0<strong style=\"color: #00d400;\">agora<\/strong> e garanta b\u00f4nus exclusivos!<\/p>","align":"center","text_color":"#FFFFFF","typography_typography":"custom","typography_font_family":"Montserrat","typography_font_size":{"unit":"px","size":29,"sizes":[]},"typography_font_size_tablet":{"unit":"em","size":"","sizes":[]},"typography_font_size_mobile":{"unit":"em","size":"","sizes":[]},"typography_font_weight":"bold","typography_font_style":"italic","typography_line_height":{"unit":"em","size":1.2,"sizes":[]},"_margin":{"unit":"px","top":"20","right":"0","bottom":"0","left":"0","isLinked":false},"_padding":{"unit":"px","top":"0","right":"0","bottom":"0","left":"0","isLinked":true},"_z_index":9},"elements":[],"isInner":false,"widgetType":"text-editor","elType":"widget"},{"id":"1f0009e1","settings":{"structure":"20","margin":{"unit":"px","top":"20","right":0,"bottom":"20","left":0,"isLinked":true}},"elements":[{"id":"73df6bf2","settings":{"_column_size":50,"_inline_size":60,"margin":{"unit":"px","top":"30","right":"30","bottom":"30","left":"30","isLinked":true}},"elements":[{"id":"5d6d509a","settings":{"image":{"url":"https:\/\/demo.rossdigitall.club\/wp-content\/uploads\/2022\/03\/score-booster.png","id":695,"alt":"","source":"library"}},"elements":[],"isInner":false,"widgetType":"image","elType":"widget"}],"isInner":true,"elType":"column"},{"id":"4d3c2109","settings":{"_column_size":50,"_inline_size":40,"content_position":"top","background_background":"classic","background_color":"#393B40","border_width":{"unit":"px","top":"2","right":"0","bottom":"2","left":"2","isLinked":false},"border_color":"#00D400","border_radius":{"unit":"px","top":"34","right":"34","bottom":"34","left":"34","isLinked":true},"margin":{"unit":"px","top":"10","right":"10","bottom":"10","left":"10","isLinked":true},"padding":{"unit":"px","top":"40","right":"40","bottom":"40","left":"40","isLinked":true}},"elements":[{"id":"7ef437bb","settings":{"marker":"x","before_text":"DE ","highlighted_text":"R$ 197,00","rotating_text":"Better\nBigger\nFaster","after_text":"POR ","loop":"","marker_color":"#00FF6D","title_color":"#FFFFFF","title_typography_typography":"custom","title_typography_font_family":"Montserrat","title_typography_font_size":{"unit":"em","size":1,"sizes":[]},"title_typography_font_size_tablet":{"unit":"em","size":"","sizes":[]},"title_typography_font_size_mobile":{"unit":"em","size":"","sizes":[]},"words_color":"#FFFFFF"},"elements":[],"isInner":false,"widgetType":"animated-headline","elType":"widget"},{"id":"4a3dc10f","settings":{"title":"R$ 97,00","title_color":"#FFFFFF","typography_typography":"custom","typography_font_family":"Montserrat","typography_font_size":{"unit":"em","size":3,"sizes":[]},"typography_font_size_tablet":{"unit":"em","size":"","sizes":[]},"typography_font_size_mobile":{"unit":"em","size":"","sizes":[]},"typography_font_weight":"900","align":"center","_margin":{"unit":"px","top":"-20","right":"0","bottom":"0","left":"0","isLinked":false}},"elements":[],"isInner":false,"widgetType":"heading","elType":"widget"},{"id":"dee0e5","settings":{"image":{"url":"https:\/\/demo.rossdigitall.club\/wp-content\/uploads\/2022\/03\/Line-3.png","id":672}},"elements":[],"isInner":false,"widgetType":"image","elType":"widget"},{"id":"1f1cada9","settings":{"image":{"url":"https:\/\/demo.rossdigitall.club\/wp-content\/uploads\/2022\/03\/icon.png","id":671,"alt":"","source":"library"},"title_text":"","description_text":"Saiba Mais sobre a Pontua\u00e7\u00e3o de Score ","position":"left","image_space":{"unit":"px","size":0,"sizes":[]},"image_size":{"unit":"%","size":14,"sizes":[]},"title_color":"#FFFFFF","title_typography_typography":"custom","title_typography_font_family":"Jumper PERSONAL USE ONLY","title_typography_font_weight":"300","description_color":"#FFFFFF","description_typography_typography":"custom","description_typography_font_family":"Montserrat","description_typography_font_size":{"unit":"em","size":"","sizes":[]},"description_typography_font_size_tablet":{"unit":"em","size":"","sizes":[]},"description_typography_font_size_mobile":{"unit":"em","size":"","sizes":[]},"description_typography_font_weight":"normal"},"elements":[],"isInner":false,"widgetType":"image-box","elType":"widget"},{"id":"11b03534","settings":{"image":{"url":"https:\/\/demo.rossdigitall.club\/wp-content\/uploads\/2022\/03\/icon.png","id":671,"alt":"","source":"library"},"title_text":"","description_text":"Renegocie seus D\u00e9bitos ","position":"left","image_space":{"unit":"px","size":0,"sizes":[]},"image_size":{"unit":"%","size":14,"sizes":[]},"title_color":"#FFFFFF","title_typography_typography":"custom","title_typography_font_family":"Jumper PERSONAL USE ONLY","title_typography_font_weight":"300","description_color":"#FFFFFF","description_typography_typography":"custom","description_typography_font_family":"Montserrat","description_typography_font_size":{"unit":"em","size":"","sizes":[]},"description_typography_font_size_tablet":{"unit":"em","size":"","sizes":[]},"description_typography_font_size_mobile":{"unit":"em","size":"","sizes":[]},"description_typography_font_weight":"normal"},"elements":[],"isInner":false,"widgetType":"image-box","elType":"widget"},{"id":"21508ae","settings":{"image":{"url":"https:\/\/demo.rossdigitall.club\/wp-content\/uploads\/2022\/03\/icon.png","id":671,"alt":"","source":"library"},"title_text":"","description_text":"Obtenha Aprova\u00e7\u00e3o do Mercado","position":"left","image_space":{"unit":"px","size":0,"sizes":[]},"image_size":{"unit":"%","size":14,"sizes":[]},"title_color":"#FFFFFF","title_typography_typography":"custom","title_typography_font_family":"Jumper PERSONAL USE ONLY","title_typography_font_weight":"300","description_color":"#FFFFFF","description_typography_typography":"custom","description_typography_font_family":"Montserrat","description_typography_font_size":{"unit":"em","size":"","sizes":[]},"description_typography_font_size_tablet":{"unit":"em","size":"","sizes":[]},"description_typography_font_size_mobile":{"unit":"em","size":"","sizes":[]},"description_typography_font_weight":"normal"},"elements":[],"isInner":false,"widgetType":"image-box","elType":"widget"},{"id":"2f38a967","settings":{"image":{"url":"https:\/\/demo.rossdigitall.club\/wp-content\/uploads\/2022\/03\/icon.png","id":671,"alt":"","source":"library"},"title_text":"","description_text":"Score turbo","position":"left","image_space":{"unit":"px","size":0,"sizes":[]},"image_size":{"unit":"%","size":14,"sizes":[]},"title_color":"#FFFFFF","title_typography_typography":"custom","title_typography_font_family":"Jumper PERSONAL USE ONLY","title_typography_font_weight":"300","description_color":"#FFFFFF","description_typography_typography":"custom","description_typography_font_family":"Montserrat","description_typography_font_size":{"unit":"em","size":"","sizes":[]},"description_typography_font_size_tablet":{"unit":"em","size":"","sizes":[]},"description_typography_font_size_mobile":{"unit":"em","size":"","sizes":[]},"description_typography_font_weight":"normal"},"elements":[],"isInner":false,"widgetType":"image-box","elType":"widget"},{"id":"59af60f7","settings":{"text":"Comprar agora","align":"justify","size":"lg","typography_typography":"custom","button_text_color":"#010210","__globals__":{"typography_typography":""},"typography_font_family":"Jumper PERSONAL USE ONLY","typography_font_size":{"unit":"px","size":16,"sizes":[]},"typography_font_size_tablet":{"unit":"em","size":"","sizes":[]},"typography_font_size_mobile":{"unit":"em","size":"","sizes":[]},"typography_font_weight":"300","typography_font_style":"italic","background_color":"#00D400","border_radius":{"unit":"px","top":"10","right":"10","bottom":"10","left":"10","isLinked":true},"_margin":{"unit":"px","top":"0","right":"0","bottom":"0","left":"0","isLinked":false}},"elements":[],"isInner":false,"widgetType":"button","elType":"widget"}],"isInner":true,"elType":"column"}],"isInner":true,"elType":"section"}],"isInner":false,"elType":"column"}],"isInner":false,"elType":"section"},{"id":"2b9ad43d","settings":{"content_width":{"unit":"px","size":1000,"sizes":[]},"border_border":"solid","border_width":{"unit":"px","top":"1","right":"0","bottom":"0","left":"0","isLinked":false},"border_color":"#393B40","border_radius":{"unit":"px","top":"0","right":"0","bottom":"0","left":"0","isLinked":false},"margin":{"unit":"px","top":"40","right":0,"bottom":"40","left":0,"isLinked":true},"padding":{"unit":"px","top":"0","right":"0","bottom":"0","left":"0","isLinked":false}},"elements":[{"id":"56fd179b","settings":{"_column_size":100,"_inline_size":null},"elements":[{"id":"7b8a0ccf","settings":{"structure":"30","padding":{"unit":"px","top":"40","right":"0","bottom":"40","left":"0","isLinked":false}},"elements":[{"id":"23da881d","settings":{"_column_size":33,"_inline_size":88.123},"elements":[{"id":"24e7a094","settings":{"image":{"url":"https:\/\/demo.rossdigitall.club\/wp-content\/uploads\/2022\/03\/logo-score-booster.png","id":701,"alt":"","source":"library"},"align":"left","space":{"unit":"px","size":160,"sizes":[]},"space_tablet":{"unit":"px","size":"","sizes":[]},"space_mobile":{"unit":"px","size":"","sizes":[]},"align_mobile":"center"},"elements":[],"isInner":false,"widgetType":"image","elType":"widget"}],"isInner":true,"elType":"column"},{"id":"cc1f603","settings":{"_column_size":33,"_inline_size":5.215,"_inline_size_mobile":50},"elements":[{"id":"49bf28c","settings":{"image":{"url":"https:\/\/demo.rossdigitall.club\/wp-content\/uploads\/2022\/03\/icons8-instagram.png","id":678,"alt":"","source":"library"},"align":"center","link_to":"custom","link":{"url":"#","is_external":"","nofollow":"","custom_attributes":""},"width":{"unit":"%","size":100,"sizes":[]}},"elements":[],"isInner":false,"widgetType":"image","elType":"widget"}],"isInner":true,"elType":"column"},{"id":"57309967","settings":{"_column_size":33,"_inline_size":6.294,"_inline_size_mobile":50},"elements":[{"id":"41c801a0","settings":{"image":{"url":"https:\/\/demo.rossdigitall.club\/wp-content\/uploads\/2022\/03\/icons8-facebook-novo.png","id":679,"alt":"","source":"library"},"align":"center","link_to":"custom","link":{"url":"#","is_external":"","nofollow":"","custom_attributes":""},"width":{"unit":"%","size":100,"sizes":[]}},"elements":[],"isInner":false,"widgetType":"image","elType":"widget"}],"isInner":true,"elType":"column"}],"isInner":true,"elType":"section"},{"id":"5ed31452","settings":{"structure":"20","border_border":"solid","border_width":{"unit":"px","top":"1","right":"0","bottom":"0","left":"0","isLinked":false},"border_color":"#393B40","margin":{"unit":"px","top":"0","right":0,"bottom":"0","left":0,"isLinked":true},"padding":{"unit":"px","top":"20","right":"0","bottom":"0","left":"0","isLinked":false}},"elements":[{"id":"6294141d","settings":{"_column_size":50,"_inline_size":null},"elements":[{"id":"1ddc1bb6","settings":{"editor":"<p>Todos os direitos reservados<\/p>","align":"left","text_color":"#FFFFFF","typography_typography":"custom","typography_font_family":"Montserrat","typography_font_size":{"unit":"px","size":16,"sizes":[]},"typography_font_size_tablet":{"unit":"em","size":"","sizes":[]},"typography_font_size_mobile":{"unit":"em","size":"","sizes":[]},"typography_font_weight":"200","typography_font_style":"italic","typography_line_height":{"unit":"px","size":32,"sizes":[]},"_margin":{"unit":"px","top":"0","right":"0","bottom":"20","left":"0","isLinked":false},"_padding":{"unit":"px","top":"0","right":"0","bottom":"0","left":"0","isLinked":true},"typography_line_height_tablet":{"unit":"px","size":"","sizes":[]},"typography_line_height_mobile":{"unit":"px","size":"","sizes":[]},"align_mobile":"center"},"elements":[],"isInner":false,"widgetType":"text-editor","elType":"widget"}],"isInner":true,"elType":"column"},{"id":"10ee4d89","settings":{"_column_size":50,"_inline_size":null},"elements":[{"id":"41fba65f","settings":{"editor":"<a href=\"#\">Termos de Uso<\/a>\u00a0\u00a0\u00a0\u00a0\u00a0 <a href=\"#\">Pol\u00edtica de Privacidade<\/a>","align":"right","text_color":"#FFFFFF99","typography_typography":"custom","typography_font_family":"Montserrat","typography_font_size":{"unit":"px","size":16,"sizes":[]},"typography_font_size_tablet":{"unit":"em","size":"","sizes":[]},"typography_font_size_mobile":{"unit":"em","size":"","sizes":[]},"typography_font_weight":"200","typography_font_style":"italic","typography_line_height":{"unit":"px","size":32,"sizes":[]},"_margin":{"unit":"px","top":"0","right":"0","bottom":"20","left":"0","isLinked":false},"_padding":{"unit":"px","top":"0","right":"0","bottom":"0","left":"0","isLinked":true},"typography_line_height_tablet":{"unit":"px","size":"","sizes":[]},"typography_line_height_mobile":{"unit":"px","size":"","sizes":[]},"align_mobile":"center"},"elements":[],"isInner":false,"widgetType":"text-editor","elType":"widget"}],"isInner":true,"elType":"column"}],"isInner":true,"elType":"section"},{"id":"3d841394","settings":{"html":"<style>\nbody, html {\n    overflow-x: hidden !important;\n}\n<\/style>"},"elements":[],"isInner":false,"widgetType":"html","elType":"widget"}],"isInner":false,"elType":"column"}],"isInner":false,"elType":"section"}],"page_settings":{"hide_title":"yes","background_background":"classic","background_color":"#011003"},"version":"0.4","title":"Modelo Score by PerfectPages","type":"page"}